First Last,First,Last,Company,Domain
Ra'vyn Gunn,Ra'vyn,Gunn,Clothes Mentor,www.clothesmentor.com
Christopher Peterson,Christopher,Peterson,"eyebobs, LLC",www.eyebobs.com
Rhosemarie Cabanban,Rhosemarie,Cabanban,iEDM.com,www.iedm.com
Alyssa Haro,Alyssa,Haro,"Grace and Lace, LLC",www.graceandlace.com
Anjali Devjani,Anjali,Devjani,Men In Cities,www.menincities.com
Morgan Schwartz,Morgan,Schwartz,fab'rik Boutique Inc.,www.fabrikstyle.com
Ashley Lamontagne,Ashley,Lamontagne,LXRandCo Inc,www.lxrco.com
Colleen Waters,Colleen,Waters,Steven Madden Ltd,www.stevemadden.com
Lexi Bradley,Lexi,Bradley,Nickel & Suede LLC,www.nickelandsuede.com
Martha Orellana,Martha,Orellana,Fashion Nova,www.fashionnova.com
Elizabeth Cronin,Elizabeth,Cronin,GiGi New York,www.giginewyork.com
Maika Nakaoka,Maika,Nakaoka,Vpl,www.vplnyc.com
Vanessa Ordaz,Vanessa,Ordaz,Cult Gaia,www.cultgaia.com
Sophia Carney,Sophia,Carney,fab'rik Boutique Inc.,www.fabrikstyle.com
Alex Strayer,Alex,Strayer,Edgevale,www.edgevaleusa.com
Amoretto Ashley,Amoretto,Ashley,Linda's Stuff,www.shoplindasstuff.com
Whitney Ferguson,Whitney,Ferguson,Steven Madden Ltd,www.stevemadden.com
Ruben Lightfoot,Ruben,Lightfoot,howies Ltd.,www.howies.co.uk
James Pham,James,Pham,Ferrini USA Inc.,www.ferriniusa.com
Cristale Scobedo,,,Fashion Nova,www.fashionnova.com
