First Last,First,Last,Company,Domain
Tanya Wijenathan,Tanya,Wijenathan,Pat McGrath Cosmetics,www.patmcgrath.com
Jesse Mcconnell,Jesse,Mcconnell,Hurley International LLC,www.hurley.com
Ashley Spencer,Ashley,Spencer,"Three Guys Holding Co., LLC",www.chubbiesshorts.com
Niki Sawyer,Niki,Sawyer,"Edie Parker, LLC",www.edie-parker.com
David Horowitz,David,Horowitz,"Coogi Menswear, LLC",www.coogi.com
Rick Anderson,Rick,Anderson,"Lolli and Pops, Inc.",www.lolliandpops.com
Natali Juliana Martinez,Natali,Martinez,"VOLCOM, Inc.",www.volcom.com
Numploy Yanasiddhi,Numploy,Yanasiddhi,ZENZII Jewelry,www.zenzii.com
Claire Scheidweiler,Claire,Scheidweiler,Impressions Online Boutique,www.shopimpressions.com
Maggie Lee,Maggie,Lee,"Colorescience, Inc.",www.colorescience.com
Shawn Mcintyre,Shawn,Mcintyre,tentree,www.tentree.com
Adrienne Clark,Adrienne,Clark,"Billy Reid, Inc.",www.billyreid.com
Socorro Avila,Socorro,Avila,Dastmalchi Llc,www.dastmalchi.com
Fuat Kapucu,Fuat,Kapucu,Mavi,www.mavi.com
Reid Sheldon,Reid,Sheldon,"VOLCOM, Inc.",www.volcom.com
Jennifer Yin Nakamura,Jennifer,Nakamura,"Soko, Inc.",www.shopsoko.com
Natalie Crone,Natalie,Crone,Knockaround,www.knockaround.com
Jack Neary,Jack,Neary,Litographs,www.litographs.com
Thomas Standing,Thomas,Standing,Love Your Melon Inc.,www.loveyourmelon.com
Matthew Hicks,,,San Diego Hat Company,www.sandiegohat.com
